,feature_num,comb_num,feature_comb,r2,mae,mpea,timecost
0,1,1,"['date', 'CHN10', 'INDU']",-9.8228,0.4693,0.1569,2.6892
1,1,2,"['date', 'CHN10', 'PPI']",-4.7144,0.3695,0.1268,2.5631
2,1,3,"['date', 'CHN10', 'PMI']",-0.5204,0.188,0.0645,2.6899
3,1,4,"['date', 'CHN10', 'OECD']",-3.1374,0.3277,0.1124,2.8274
4,1,5,"['date', 'CHN10', 'JIANZHU']",-1.9992,0.2477,0.0863,2.7038
5,1,6,"['date', 'CHN10', 'XINJIAN']",-2.2876,0.2616,0.0911,2.6822
6,1,7,"['date', 'CHN10', 'ERSHOU']",0.4877,0.1048,0.0356,2.7463
7,1,8,"['date', 'CHN10', 'SPOT']",-9.3291,0.4907,0.1695,2.8067
8,1,9,"['date', 'CHN10', 'IRBOND']",-0.3076,0.1559,0.0505,2.7818
9,2,1,"['date', 'CHN10', 'INDU', 'PPI']",-2.1279,0.2538,0.0884,2.6817
10,2,2,"['date', 'CHN10', 'INDU', 'PMI']",-3.8094,0.3302,0.1108,2.8612
11,2,3,"['date', 'CHN10', 'INDU', 'OECD']",-15.2644,0.5697,0.1897,2.7187
12,2,4,"['date', 'CHN10', 'INDU', 'JIANZHU']",-1.9787,0.2469,0.0861,2.8336
13,2,5,"['date', 'CHN10', 'INDU', 'XINJIAN']",-10.376,0.5263,0.1771,2.7706
14,2,6,"['date', 'CHN10', 'INDU', 'ERSHOU']",-5.7669,0.3584,0.1188,2.7103
15,2,7,"['date', 'CHN10', 'INDU', 'SPOT']",-3.734,0.3309,0.1145,2.8363
16,2,8,"['date', 'CHN10', 'INDU', 'IRBOND']",-0.3364,0.1502,0.0487,2.8802
17,2,9,"['date', 'CHN10', 'PPI', 'PMI']",-1.3215,0.2244,0.0765,2.8346
18,2,10,"['date', 'CHN10', 'PPI', 'OECD']",-11.114,0.5462,0.1879,2.8065
19,2,11,"['date', 'CHN10', 'PPI', 'JIANZHU']",-13.5742,0.587,0.2023,2.8269
20,2,12,"['date', 'CHN10', 'PPI', 'XINJIAN']",-2.8194,0.2912,0.0995,2.7282
21,2,13,"['date', 'CHN10', 'PPI', 'ERSHOU']",-11.503,0.5561,0.1911,2.8456
22,2,14,"['date', 'CHN10', 'PPI', 'SPOT']",-20.4917,0.7334,0.2515,2.7513
23,2,15,"['date', 'CHN10', 'PPI', 'IRBOND']",-0.3141,0.1557,0.0504,2.7137
24,2,16,"['date', 'CHN10', 'PMI', 'OECD']",-1.1067,0.2258,0.0772,2.76
25,2,17,"['date', 'CHN10', 'PMI', 'JIANZHU']",-0.4721,0.1875,0.0641,2.7759
26,2,18,"['date', 'CHN10', 'PMI', 'XINJIAN']",-1.1064,0.2219,0.0764,3.0001
27,2,19,"['date', 'CHN10', 'PMI', 'ERSHOU']",-0.812,0.2124,0.0727,2.8025
28,2,20,"['date', 'CHN10', 'PMI', 'SPOT']",-4.1818,0.3696,0.1258,3.3197
29,2,21,"['date', 'CHN10', 'PMI', 'IRBOND']",-0.0152,0.1586,0.0535,3.1087
30,2,22,"['date', 'CHN10', 'OECD', 'JIANZHU']",-3.0064,0.2955,0.1026,2.7846
31,2,23,"['date', 'CHN10', 'OECD', 'XINJIAN']",-6.38,0.4421,0.1513,3.3599
32,2,24,"['date', 'CHN10', 'OECD', 'ERSHOU']",-1.809,0.2665,0.0907,3.2308
33,2,25,"['date', 'CHN10', 'OECD', 'SPOT']",-6.6291,0.448,0.1534,3.3305
34,2,26,"['date', 'CHN10', 'OECD', 'IRBOND']",-0.7901,0.1745,0.0561,3.2684
35,2,27,"['date', 'CHN10', 'JIANZHU', 'XINJIAN']",-2.8413,0.2748,0.0959,3.3508
36,2,28,"['date', 'CHN10', 'JIANZHU', 'ERSHOU']",0.4659,0.1064,0.0359,3.2823
37,2,29,"['date', 'CHN10', 'JIANZHU', 'SPOT']",-3.5721,0.3237,0.112,3.298
38,2,30,"['date', 'CHN10', 'JIANZHU', 'IRBOND']",-0.1715,0.1557,0.051,3.2498
39,2,31,"['date', 'CHN10', 'XINJIAN', 'ERSHOU']",-1.644,0.2323,0.081,3.3223
40,2,32,"['date', 'CHN10', 'XINJIAN', 'SPOT']",-13.4904,0.6116,0.2098,3.412
41,2,33,"['date', 'CHN10', 'XINJIAN', 'IRBOND']",-0.8638,0.1794,0.0576,2.7452
42,2,34,"['date', 'CHN10', 'ERSHOU', 'SPOT']",-10.6604,0.5555,0.1895,2.8103
43,2,35,"['date', 'CHN10', 'ERSHOU', 'IRBOND']",-1.1308,0.2029,0.0655,2.7464
44,2,36,"['date', 'CHN10', 'SPOT', 'IRBOND']",-1.0087,0.1869,0.06,2.7607
45,3,1,"['date', 'CHN10', 'INDU', 'PPI', 'PMI']",-11.3199,0.5787,0.1964,2.7879
46,3,2,"['date', 'CHN10', 'INDU', 'PPI', 'OECD']",-11.2261,0.5715,0.1954,2.8016
47,3,3,"['date', 'CHN10', 'INDU', 'PPI', 'JIANZHU']",-17.5598,0.6911,0.233,2.8999
48,3,4,"['date', 'CHN10', 'INDU', 'PPI', 'XINJIAN']",-13.4245,0.62,0.212,2.8611
49,3,5,"['date', 'CHN10', 'INDU', 'PPI', 'ERSHOU']",-11.481,0.5657,0.1936,2.8525
50,3,6,"['date', 'CHN10', 'INDU', 'PPI', 'SPOT']",-26.5903,0.8615,0.2941,2.761
51,3,7,"['date', 'CHN10', 'INDU', 'PPI', 'IRBOND']",-1.3189,0.2049,0.0659,2.7712
52,3,8,"['date', 'CHN10', 'INDU', 'PMI', 'OECD']",-4.6378,0.2856,0.0947,2.7371
53,3,9,"['date', 'CHN10', 'INDU', 'PMI', 'JIANZHU']",-8.071,0.3927,0.1288,2.8058
54,3,10,"['date', 'CHN10', 'INDU', 'PMI', 'XINJIAN']",-8.2541,0.3999,0.1314,2.7942
55,3,11,"['date', 'CHN10', 'INDU', 'PMI', 'ERSHOU']",-3.7189,0.3217,0.1086,2.7615
56,3,12,"['date', 'CHN10', 'INDU', 'PMI', 'SPOT']",-2.834,0.3084,0.1041,2.9043
57,3,13,"['date', 'CHN10', 'INDU', 'PMI', 'IRBOND']",-3.1565,0.3192,0.1062,2.7228
58,3,14,"['date', 'CHN10', 'INDU', 'OECD', 'JIANZHU']",-5.2114,0.4019,0.1357,2.7974
59,3,15,"['date', 'CHN10', 'INDU', 'OECD', 'XINJIAN']",-7.7704,0.4907,0.1655,2.7612
60,3,16,"['date', 'CHN10', 'INDU', 'OECD', 'ERSHOU']",-4.5988,0.3828,0.1311,2.7828
61,3,17,"['date', 'CHN10', 'INDU', 'OECD', 'SPOT']",-8.5451,0.5076,0.1726,3.3531
62,3,18,"['date', 'CHN10', 'INDU', 'OECD', 'IRBOND']",-1.8193,0.2038,0.0691,3.3631
63,3,19,"['date', 'CHN10', 'INDU', 'JIANZHU', 'XINJIAN']",-14.96,0.4872,0.1607,3.4568
64,3,20,"['date', 'CHN10', 'INDU', 'JIANZHU', 'ERSHOU']",-17.8189,0.6623,0.2255,3.2478
65,3,21,"['date', 'CHN10', 'INDU', 'JIANZHU', 'SPOT']",-9.0121,0.5001,0.1689,3.2499
66,3,22,"['date', 'CHN10', 'INDU', 'JIANZHU', 'IRBOND']",0.2285,0.122,0.0407,3.3109
67,3,23,"['date', 'CHN10', 'INDU', 'XINJIAN', 'ERSHOU']",-11.0398,0.5043,0.1728,3.2374
68,3,24,"['date', 'CHN10', 'INDU', 'XINJIAN', 'SPOT']",-12.7411,0.6109,0.2082,3.3293
69,3,25,"['date', 'CHN10', 'INDU', 'XINJIAN', 'IRBOND']",-0.8789,0.1754,0.0563,3.2936
70,3,26,"['date', 'CHN10', 'INDU', 'ERSHOU', 'SPOT']",-4.174,0.3487,0.1205,3.2252
71,3,27,"['date', 'CHN10', 'INDU', 'ERSHOU', 'IRBOND']",-0.1181,0.1508,0.0494,3.3502
72,3,28,"['date', 'CHN10', 'INDU', 'SPOT', 'IRBOND']",0.0398,0.1546,0.0521,2.8003
73,3,29,"['date', 'CHN10', 'PPI', 'PMI', 'OECD']",-13.321,0.6252,0.2128,2.8091
74,3,30,"['date', 'CHN10', 'PPI', 'PMI', 'JIANZHU']",-12.4243,0.5674,0.1954,2.8083
75,3,31,"['date', 'CHN10', 'PPI', 'PMI', 'XINJIAN']",-9.5213,0.5218,0.1786,2.7465
76,3,32,"['date', 'CHN10', 'PPI', 'PMI', 'ERSHOU']",-18.1403,0.6775,0.2331,2.7638
77,3,33,"['date', 'CHN10', 'PPI', 'PMI', 'SPOT']",-11.1948,0.5514,0.1894,3.2252
78,3,34,"['date', 'CHN10', 'PPI', 'PMI', 'IRBOND']",-20.5229,0.7681,0.2617,2.8471
79,3,35,"['date', 'CHN10', 'PPI', 'OECD', 'JIANZHU']",-11.2443,0.5053,0.1758,2.762
80,3,36,"['date', 'CHN10', 'PPI', 'OECD', 'XINJIAN']",-11.9556,0.582,0.1988,2.7833
81,3,37,"['date', 'CHN10', 'PPI', 'OECD', 'ERSHOU']",-11.5167,0.56,0.1924,2.875
82,3,38,"['date', 'CHN10', 'PPI', 'OECD', 'SPOT']",-23.7708,0.7833,0.269,2.7853
83,3,39,"['date', 'CHN10', 'PPI', 'OECD', 'IRBOND']",-1.5827,0.2213,0.0714,2.69
84,3,40,"['date', 'CHN10', 'PPI', 'JIANZHU', 'XINJIAN']",-21.3618,0.7194,0.2483,2.8229
85,3,41,"['date', 'CHN10', 'PPI', 'JIANZHU', 'ERSHOU']",-3.8341,0.3475,0.119,2.8064
86,3,42,"['date', 'CHN10', 'PPI', 'JIANZHU', 'SPOT']",-17.1651,0.6762,0.232,2.8221
87,3,43,"['date', 'CHN10', 'PPI', 'JIANZHU', 'IRBOND']",-7.1317,0.4569,0.1568,2.7383
88,3,44,"['date', 'CHN10', 'PPI', 'XINJIAN', 'ERSHOU']",-12.0431,0.5729,0.1967,2.8903
89,3,45,"['date', 'CHN10', 'PPI', 'XINJIAN', 'SPOT']",-28.018,0.8731,0.2988,2.9062
90,3,46,"['date', 'CHN10', 'PPI', 'XINJIAN', 'IRBOND']",-0.6146,0.1656,0.0533,2.7734
91,3,47,"['date', 'CHN10', 'PPI', 'ERSHOU', 'SPOT']",-24.1786,0.7842,0.2697,3.4268
92,3,48,"['date', 'CHN10', 'PPI', 'ERSHOU', 'IRBOND']",-11.1561,0.5323,0.1837,3.3297
93,3,49,"['date', 'CHN10', 'PPI', 'SPOT', 'IRBOND']",-1.5313,0.2392,0.0826,3.3207
94,3,50,"['date', 'CHN10', 'PMI', 'OECD', 'JIANZHU']",-4.679,0.3704,0.1278,3.2814
95,3,51,"['date', 'CHN10', 'PMI', 'OECD', 'XINJIAN']",-6.4182,0.4388,0.1502,3.3902
96,3,52,"['date', 'CHN10', 'PMI', 'OECD', 'ERSHOU']",0.0839,0.1341,0.0448,3.3336
97,3,53,"['date', 'CHN10', 'PMI', 'OECD', 'SPOT']",-4.5281,0.366,0.1214,3.2397
98,3,54,"['date', 'CHN10', 'PMI', 'OECD', 'IRBOND']",-0.8102,0.1757,0.0565,3.3915
99,3,55,"['date', 'CHN10', 'PMI', 'JIANZHU', 'XINJIAN']",-1.2141,0.2344,0.0802,3.3107
100,3,56,"['date', 'CHN10', 'PMI', 'JIANZHU', 'ERSHOU']",-0.1728,0.1627,0.0549,3.225
101,3,57,"['date', 'CHN10', 'PMI', 'JIANZHU', 'SPOT']",-7.3848,0.4506,0.1541,2.8149
102,3,58,"['date', 'CHN10', 'PMI', 'JIANZHU', 'IRBOND']",-0.1582,0.1505,0.0491,2.9597
103,3,59,"['date', 'CHN10', 'PMI', 'XINJIAN', 'ERSHOU']",-1.0312,0.2056,0.0689,2.8049
104,3,60,"['date', 'CHN10', 'PMI', 'XINJIAN', 'SPOT']",-4.8236,0.377,0.1268,2.7304
105,3,61,"['date', 'CHN10', 'PMI', 'XINJIAN', 'IRBOND']",-2.4247,0.2963,0.0985,2.765
106,3,62,"['date', 'CHN10', 'PMI', 'ERSHOU', 'SPOT']",-10.5416,0.556,0.1897,2.705
107,3,63,"['date', 'CHN10', 'PMI', 'ERSHOU', 'IRBOND']",-0.7968,0.1742,0.056,2.9069
108,3,64,"['date', 'CHN10', 'PMI', 'SPOT', 'IRBOND']",-1.4694,0.2009,0.0645,2.9822
109,3,65,"['date', 'CHN10', 'OECD', 'JIANZHU', 'XINJIAN']",-5.9535,0.4429,0.1493,2.9143
110,3,66,"['date', 'CHN10', 'OECD', 'JIANZHU', 'ERSHOU']",-3.8459,0.3689,0.1248,2.7538
111,3,67,"['date', 'CHN10', 'OECD', 'JIANZHU', 'SPOT']",-11.1913,0.5607,0.1921,2.9464
112,3,68,"['date', 'CHN10', 'OECD', 'JIANZHU', 'IRBOND']",-8.1649,0.5002,0.166,2.9464
113,3,69,"['date', 'CHN10', 'OECD', 'XINJIAN', 'ERSHOU']",-1.6503,0.2661,0.0903,2.744
114,3,70,"['date', 'CHN10', 'OECD', 'XINJIAN', 'SPOT']",-7.2445,0.4146,0.1363,2.6635
115,3,71,"['date', 'CHN10', 'OECD', 'XINJIAN', 'IRBOND']",-0.2284,0.1482,0.0479,2.7621
116,3,72,"['date', 'CHN10', 'OECD', 'ERSHOU', 'SPOT']",-12.0026,0.6007,0.2043,2.8162
117,3,73,"['date', 'CHN10', 'OECD', 'ERSHOU', 'IRBOND']",-1.5121,0.2263,0.0733,2.7759
118,3,74,"['date', 'CHN10', 'OECD', 'SPOT', 'IRBOND']",0.1392,0.1279,0.0416,2.7351
119,3,75,"['date', 'CHN10', 'JIANZHU', 'XINJIAN', 'ERSHOU']",-2.5434,0.2738,0.0953,2.8235
120,3,76,"['date', 'CHN10', 'JIANZHU', 'XINJIAN', 'SPOT']",-19.5186,0.7281,0.2495,2.8052
121,3,77,"['date', 'CHN10', 'JIANZHU', 'XINJIAN', 'IRBOND']",-0.2499,0.1482,0.0478,3.2846
122,3,78,"['date', 'CHN10', 'JIANZHU', 'ERSHOU', 'SPOT']",-5.6186,0.4003,0.138,3.3179
123,3,79,"['date', 'CHN10', 'JIANZHU', 'ERSHOU', 'IRBOND']",-4.3163,0.3804,0.1262,3.2824
124,3,80,"['date', 'CHN10', 'JIANZHU', 'SPOT', 'IRBOND']",-0.6348,0.1956,0.0669,3.29
125,3,81,"['date', 'CHN10', 'XINJIAN', 'ERSHOU', 'SPOT']",-24.2875,0.7569,0.2618,3.3266
126,3,82,"['date', 'CHN10', 'XINJIAN', 'ERSHOU', 'IRBOND']",0.3323,0.1182,0.0388,3.4061
127,3,83,"['date', 'CHN10', 'XINJIAN', 'SPOT', 'IRBOND']",-0.3761,0.1586,0.0513,3.2972
128,3,84,"['date', 'CHN10', 'ERSHOU', 'SPOT', 'IRBOND']",-0.5928,0.1646,0.0529,3.2055
129,4,1,"['date', 'CHN10', 'INDU', 'PPI', 'PMI', 'OECD']",-1.2459,0.2316,0.0794,3.3514
130,4,2,"['date', 'CHN10', 'INDU', 'PPI', 'PMI', 'JIANZHU']",-15.2464,0.6498,0.2224,3.2602
131,4,3,"['date', 'CHN10', 'INDU', 'PPI', 'PMI', 'XINJIAN']",-12.2977,0.606,0.205,2.93
132,4,4,"['date', 'CHN10', 'INDU', 'PPI', 'PMI', 'ERSHOU']",-28.6863,0.8786,0.3,2.7048
133,4,5,"['date', 'CHN10', 'INDU', 'PPI', 'PMI', 'SPOT']",-45.821,1.1395,0.3868,2.8044
134,4,6,"['date', 'CHN10', 'INDU', 'PPI', 'PMI', 'IRBOND']",0.0999,0.1375,0.045,2.7714
135,4,7,"['date', 'CHN10', 'INDU', 'PPI', 'OECD', 'JIANZHU']",-17.6985,0.7118,0.2423,2.7474
136,4,8,"['date', 'CHN10', 'INDU', 'PPI', 'OECD', 'XINJIAN']",-26.3332,0.8159,0.2806,3.384
137,4,9,"['date', 'CHN10', 'INDU', 'PPI', 'OECD', 'ERSHOU']",-56.5596,1.1153,0.3867,3.3072
138,4,10,"['date', 'CHN10', 'INDU', 'PPI', 'OECD', 'SPOT']",-16.8185,0.6721,0.2305,3.2615
139,4,11,"['date', 'CHN10', 'INDU', 'PPI', 'OECD', 'IRBOND']",-3.329,0.3391,0.1148,3.3513
140,4,12,"['date', 'CHN10', 'INDU', 'PPI', 'JIANZHU', 'XINJIAN']",-5.5875,0.4048,0.1393,3.3373
141,4,13,"['date', 'CHN10', 'INDU', 'PPI', 'JIANZHU', 'ERSHOU']",-11.9121,0.5857,0.2004,3.3653
142,4,14,"['date', 'CHN10', 'INDU', 'PPI', 'JIANZHU', 'SPOT']",-19.5817,0.7473,0.2549,3.2693
143,4,15,"['date', 'CHN10', 'INDU', 'PPI', 'JIANZHU', 'IRBOND']",-14.3803,0.6215,0.2106,3.3426
144,4,16,"['date', 'CHN10', 'INDU', 'PPI', 'XINJIAN', 'ERSHOU']",-13.7352,0.6273,0.2135,3.3527
145,4,17,"['date', 'CHN10', 'INDU', 'PPI', 'XINJIAN', 'SPOT']",-12.0591,0.5857,0.2004,3.7336
146,4,18,"['date', 'CHN10', 'INDU', 'PPI', 'XINJIAN', 'IRBOND']",-0.5564,0.1633,0.0526,3.6995
147,4,19,"['date', 'CHN10', 'INDU', 'PPI', 'ERSHOU', 'SPOT']",-20.7131,0.7793,0.2642,2.8278
148,4,20,"['date', 'CHN10', 'INDU', 'PPI', 'ERSHOU', 'IRBOND']",-6.4997,0.4222,0.1456,2.7731
149,4,21,"['date', 'CHN10', 'INDU', 'PPI', 'SPOT', 'IRBOND']",-0.0981,0.1494,0.0517,2.8976
150,4,22,"['date', 'CHN10', 'INDU', 'PMI', 'OECD', 'JIANZHU']",-4.3836,0.3575,0.1226,2.805
151,4,23,"['date', 'CHN10', 'INDU', 'PMI', 'OECD', 'XINJIAN']",-2.9042,0.3085,0.1055,3.3497
152,4,24,"['date', 'CHN10', 'INDU', 'PMI', 'OECD', 'ERSHOU']",-7.6258,0.4041,0.1349,3.3899
153,4,25,"['date', 'CHN10', 'INDU', 'PMI', 'OECD', 'SPOT']",-3.1511,0.3053,0.1032,3.3153
154,4,26,"['date', 'CHN10', 'INDU', 'PMI', 'OECD', 'IRBOND']",-0.2856,0.1532,0.0497,3.2615
155,4,27,"['date', 'CHN10', 'INDU', 'PMI', 'JIANZHU', 'XINJIAN']",-6.519,0.4382,0.1495,3.2228
156,4,28,"['date', 'CHN10', 'INDU', 'PMI', 'JIANZHU', 'ERSHOU']",-1.8626,0.2465,0.0815,3.2074
157,4,29,"['date', 'CHN10', 'INDU', 'PMI', 'JIANZHU', 'SPOT']",-5.8799,0.4083,0.1387,3.4444
158,4,30,"['date', 'CHN10', 'INDU', 'PMI', 'JIANZHU', 'IRBOND']",-1.1798,0.2133,0.0723,3.2904
159,4,31,"['date', 'CHN10', 'INDU', 'PMI', 'XINJIAN', 'ERSHOU']",-5.9417,0.3926,0.1302,3.3078
160,4,32,"['date', 'CHN10', 'INDU', 'PMI', 'XINJIAN', 'SPOT']",-2.8066,0.2539,0.082,3.3197
161,4,33,"['date', 'CHN10', 'INDU', 'PMI', 'XINJIAN', 'IRBOND']",0.2292,0.1191,0.0392,3.3003
162,4,34,"['date', 'CHN10', 'INDU', 'PMI', 'ERSHOU', 'SPOT']",-7.4891,0.4818,0.1632,2.6889
163,4,35,"['date', 'CHN10', 'INDU', 'PMI', 'ERSHOU', 'IRBOND']",0.2504,0.1299,0.0438,2.9711
164,4,36,"['date', 'CHN10', 'INDU', 'PMI', 'SPOT', 'IRBOND']",0.0772,0.1446,0.0482,2.7368
165,4,37,"['date', 'CHN10', 'INDU', 'OECD', 'JIANZHU', 'XINJIAN']",-10.4341,0.5536,0.189,2.7642
166,4,38,"['date', 'CHN10', 'INDU', 'OECD', 'JIANZHU', 'ERSHOU']",-3.396,0.3182,0.1088,3.3917
167,4,39,"['date', 'CHN10', 'INDU', 'OECD', 'JIANZHU', 'SPOT']",-14.6552,0.6485,0.2196,3.3777
168,4,40,"['date', 'CHN10', 'INDU', 'OECD', 'JIANZHU', 'IRBOND']",-0.1908,0.161,0.053,3.3664
169,4,41,"['date', 'CHN10', 'INDU', 'OECD', 'XINJIAN', 'ERSHOU']",-6.7214,0.4453,0.1493,3.3061
170,4,42,"['date', 'CHN10', 'INDU', 'OECD', 'XINJIAN', 'SPOT']",-18.5808,0.7143,0.2439,3.3627
171,4,43,"['date', 'CHN10', 'INDU', 'OECD', 'XINJIAN', 'IRBOND']",-2.4703,0.3028,0.1008,3.3058
172,4,44,"['date', 'CHN10', 'INDU', 'OECD', 'ERSHOU', 'SPOT']",-11.4027,0.5782,0.1929,3.3554
173,4,45,"['date', 'CHN10', 'INDU', 'OECD', 'ERSHOU', 'IRBOND']",-0.7763,0.1684,0.0543,3.2799
174,4,46,"['date', 'CHN10', 'INDU', 'OECD', 'SPOT', 'IRBOND']",-4.9196,0.3467,0.1127,3.3489
175,4,47,"['date', 'CHN10', 'INDU', 'JIANZHU', 'XINJIAN', 'ERSHOU']",-2.2304,0.2625,0.0912,3.6151
176,4,48,"['date', 'CHN10', 'INDU', 'JIANZHU', 'XINJIAN', 'SPOT']",-23.7119,0.8229,0.2792,2.8
177,4,49,"['date', 'CHN10', 'INDU', 'JIANZHU', 'XINJIAN', 'IRBOND']",-0.6086,0.1657,0.0533,2.7864
178,4,50,"['date', 'CHN10', 'INDU', 'JIANZHU', 'ERSHOU', 'SPOT']",-14.4166,0.6393,0.2179,2.7615
179,4,51,"['date', 'CHN10', 'INDU', 'JIANZHU', 'ERSHOU', 'IRBOND']",-0.3253,0.1806,0.0606,2.9697
180,4,52,"['date', 'CHN10', 'INDU', 'JIANZHU', 'SPOT', 'IRBOND']",-0.2989,0.1557,0.0505,2.9072
181,4,53,"['date', 'CHN10', 'INDU', 'XINJIAN', 'ERSHOU', 'SPOT']",-35.6684,0.587,0.1883,3.5647
182,4,54,"['date', 'CHN10', 'INDU', 'XINJIAN', 'ERSHOU', 'IRBOND']",-0.3875,0.1563,0.0505,3.55
183,4,55,"['date', 'CHN10', 'INDU', 'XINJIAN', 'SPOT', 'IRBOND']",-0.8593,0.1795,0.0577,3.5127
184,4,56,"['date', 'CHN10', 'INDU', 'ERSHOU', 'SPOT', 'IRBOND']",-0.3381,0.1549,0.05,3.2589
185,4,57,"['date', 'CHN10', 'PPI', 'PMI', 'OECD', 'JIANZHU']",-6.6273,0.4344,0.1492,3.3192
186,4,58,"['date', 'CHN10', 'PPI', 'PMI', 'OECD', 'XINJIAN']",-15.6681,0.6292,0.2168,3.2625
187,4,59,"['date', 'CHN10', 'PPI', 'PMI', 'OECD', 'ERSHOU']",-13.1477,0.6227,0.2122,3.4539
188,4,60,"['date', 'CHN10', 'PPI', 'PMI', 'OECD', 'SPOT']",-17.9704,0.6762,0.2325,3.6948
189,4,61,"['date', 'CHN10', 'PPI', 'PMI', 'OECD', 'IRBOND']",-0.0517,0.1502,0.0495,3.2614
190,4,62,"['date', 'CHN10', 'PPI', 'PMI', 'JIANZHU', 'XINJIAN']",-3.8044,0.3499,0.1192,3.3381
191,4,63,"['date', 'CHN10', 'PPI', 'PMI', 'JIANZHU', 'ERSHOU']",-27.7283,0.8252,0.2844,3.2922
192,4,64,"['date', 'CHN10', 'PPI', 'PMI', 'JIANZHU', 'SPOT']",-19.7373,0.7256,0.2485,2.7205
193,4,65,"['date', 'CHN10', 'PPI', 'PMI', 'JIANZHU', 'IRBOND']",-0.007,0.1525,0.0506,2.7751
194,4,66,"['date', 'CHN10', 'PPI', 'PMI', 'XINJIAN', 'ERSHOU']",-8.1184,0.4762,0.1634,2.6916
195,4,67,"['date', 'CHN10', 'PPI', 'PMI', 'XINJIAN', 'SPOT']",-38.7996,1.0095,0.3444,2.808
196,4,68,"['date', 'CHN10', 'PPI', 'PMI', 'XINJIAN', 'IRBOND']",-0.1266,0.1517,0.0496,3.2412
197,4,69,"['date', 'CHN10', 'PPI', 'PMI', 'ERSHOU', 'SPOT']",-18.2199,0.7155,0.2445,3.2773
198,4,70,"['date', 'CHN10', 'PPI', 'PMI', 'ERSHOU', 'IRBOND']",-2.3628,0.2754,0.0954,3.2667
199,4,71,"['date', 'CHN10', 'PPI', 'PMI', 'SPOT', 'IRBOND']",-0.4768,0.1612,0.053,3.4633
200,4,72,"['date', 'CHN10', 'PPI', 'OECD', 'JIANZHU', 'XINJIAN']",-5.1047,0.3942,0.1349,3.4774
201,4,73,"['date', 'CHN10', 'PPI', 'OECD', 'JIANZHU', 'ERSHOU']",-15.6932,0.6327,0.2179,3.261
202,4,74,"['date', 'CHN10', 'PPI', 'OECD', 'JIANZHU', 'SPOT']",-21.993,0.7502,0.2577,3.4803
203,4,75,"['date', 'CHN10', 'PPI', 'OECD', 'JIANZHU', 'IRBOND']",-8.0561,0.4773,0.1632,3.4084
204,4,76,"['date', 'CHN10', 'PPI', 'OECD', 'XINJIAN', 'ERSHOU']",-1.2066,0.23,0.0778,3.3264
205,4,77,"['date', 'CHN10', 'PPI', 'OECD', 'XINJIAN', 'SPOT']",-27.0336,0.8464,0.2903,3.2796
206,4,78,"['date', 'CHN10', 'PPI', 'OECD', 'XINJIAN', 'IRBOND']",-1.8066,0.2638,0.0898,2.8109
207,4,79,"['date', 'CHN10', 'PPI', 'OECD', 'ERSHOU', 'SPOT']",-24.6044,0.8253,0.281,2.8823
208,4,80,"['date', 'CHN10', 'PPI', 'OECD', 'ERSHOU', 'IRBOND']",-1.5809,0.2185,0.0705,2.7889
209,4,81,"['date', 'CHN10', 'PPI', 'OECD', 'SPOT', 'IRBOND']",-0.075,0.161,0.0538,2.7638
210,4,82,"['date', 'CHN10', 'PPI', 'JIANZHU', 'XINJIAN', 'ERSHOU']",-13.582,0.5965,0.2051,2.8002
211,4,83,"['date', 'CHN10', 'PPI', 'JIANZHU', 'XINJIAN', 'SPOT']",-22.2686,0.7661,0.2628,3.4205
212,4,84,"['date', 'CHN10', 'PPI', 'JIANZHU', 'XINJIAN', 'IRBOND']",-1.1829,0.1975,0.0635,3.422
213,4,85,"['date', 'CHN10', 'PPI', 'JIANZHU', 'ERSHOU', 'SPOT']",-14.9039,0.654,0.2231,3.3324
214,4,86,"['date', 'CHN10', 'PPI', 'JIANZHU', 'ERSHOU', 'IRBOND']",0.0067,0.1517,0.0505,3.3405
215,4,87,"['date', 'CHN10', 'PPI', 'JIANZHU', 'SPOT', 'IRBOND']",-0.0738,0.1585,0.0531,3.3017
216,4,88,"['date', 'CHN10', 'PPI', 'XINJIAN', 'ERSHOU', 'SPOT']",-13.7851,0.6055,0.2036,3.3519
217,4,89,"['date', 'CHN10', 'PPI', 'XINJIAN', 'ERSHOU', 'IRBOND']",-0.2871,0.1767,0.0589,3.4501
218,4,90,"['date', 'CHN10', 'PPI', 'XINJIAN', 'SPOT', 'IRBOND']",-3.0951,0.293,0.102,3.2777
219,4,91,"['date', 'CHN10', 'PPI', 'ERSHOU', 'SPOT', 'IRBOND']",-0.6074,0.196,0.0651,3.2151
220,4,92,"['date', 'CHN10', 'PMI', 'OECD', 'JIANZHU', 'XINJIAN']",-6.9866,0.4634,0.158,2.7696
221,4,93,"['date', 'CHN10', 'PMI', 'OECD', 'JIANZHU', 'ERSHOU']",-1.0442,0.2272,0.0776,2.8243
222,4,94,"['date', 'CHN10', 'PMI', 'OECD', 'JIANZHU', 'SPOT']",-4.5524,0.3613,0.1216,2.7851
223,4,95,"['date', 'CHN10', 'PMI', 'OECD', 'JIANZHU', 'IRBOND']",-1.0034,0.1887,0.0607,2.8785
224,4,96,"['date', 'CHN10', 'PMI', 'OECD', 'XINJIAN', 'ERSHOU']",-1.1689,0.2406,0.082,2.8253
225,4,97,"['date', 'CHN10', 'PMI', 'OECD', 'XINJIAN', 'SPOT']",-8.3272,0.4895,0.1665,2.8217
226,4,98,"['date', 'CHN10', 'PMI', 'OECD', 'XINJIAN', 'IRBOND']",-0.6447,0.1685,0.0542,2.782
227,4,99,"['date', 'CHN10', 'PMI', 'OECD', 'ERSHOU', 'SPOT']",-0.1046,0.1519,0.0501,2.8228
228,4,100,"['date', 'CHN10', 'PMI', 'OECD', 'ERSHOU', 'IRBOND']",-1.3557,0.2312,0.0761,2.8856
229,4,101,"['date', 'CHN10', 'PMI', 'OECD', 'SPOT', 'IRBOND']",-1.1337,0.1949,0.0626,2.709
230,4,102,"['date', 'CHN10', 'PMI', 'JIANZHU', 'XINJIAN', 'ERSHOU']",-1.5474,0.2437,0.0838,2.7851
231,4,103,"['date', 'CHN10', 'PMI', 'JIANZHU', 'XINJIAN', 'SPOT']",-12.9724,0.5932,0.2036,2.7629
232,4,104,"['date', 'CHN10', 'PMI', 'JIANZHU', 'XINJIAN', 'IRBOND']",-0.9236,0.1819,0.0584,2.8236
233,4,105,"['date', 'CHN10', 'PMI', 'JIANZHU', 'ERSHOU', 'SPOT']",-9.9791,0.5495,0.1866,2.7579
234,4,106,"['date', 'CHN10', 'PMI', 'JIANZHU', 'ERSHOU', 'IRBOND']",-2.5306,0.274,0.089,2.84
235,4,107,"['date', 'CHN10', 'PMI', 'JIANZHU', 'SPOT', 'IRBOND']",-0.425,0.1646,0.0536,2.7523
236,4,108,"['date', 'CHN10', 'PMI', 'XINJIAN', 'ERSHOU', 'SPOT']",-16.728,0.703,0.2386,2.7299
237,4,109,"['date', 'CHN10', 'PMI', 'XINJIAN', 'ERSHOU', 'IRBOND']",-0.1785,0.1694,0.0575,2.8
238,4,110,"['date', 'CHN10', 'PMI', 'XINJIAN', 'SPOT', 'IRBOND']",-0.2542,0.154,0.05,2.8088
239,4,111,"['date', 'CHN10', 'PMI', 'ERSHOU', 'SPOT', 'IRBOND']",-0.0316,0.1527,0.0505,2.7256
240,4,112,"['date', 'CHN10', 'OECD', 'JIANZHU', 'XINJIAN', 'ERSHOU']",-2.1783,0.2562,0.0893,2.84
241,4,113,"['date', 'CHN10', 'OECD', 'JIANZHU', 'XINJIAN', 'SPOT']",-7.4931,0.4641,0.1595,3.4224
242,4,114,"['date', 'CHN10', 'OECD', 'JIANZHU', 'XINJIAN', 'IRBOND']",-0.749,0.1725,0.0554,3.3869
243,4,115,"['date', 'CHN10', 'OECD', 'JIANZHU', 'ERSHOU', 'SPOT']",-3.2041,0.3266,0.1121,3.5029
244,4,116,"['date', 'CHN10', 'OECD', 'JIANZHU', 'ERSHOU', 'IRBOND']",-0.8551,0.1779,0.0571,3.6087
245,4,117,"['date', 'CHN10', 'OECD', 'JIANZHU', 'SPOT', 'IRBOND']",-0.7136,0.177,0.057,3.2252
246,4,118,"['date', 'CHN10', 'OECD', 'XINJIAN', 'ERSHOU', 'SPOT']",-7.8835,0.5,0.1692,3.2349
247,4,119,"['date', 'CHN10', 'OECD', 'XINJIAN', 'ERSHOU', 'IRBOND']",-0.1888,0.1464,0.0474,3.2994
248,4,120,"['date', 'CHN10', 'OECD', 'XINJIAN', 'SPOT', 'IRBOND']",-1.0349,0.1891,0.0607,3.3641
249,4,121,"['date', 'CHN10', 'OECD', 'ERSHOU', 'SPOT', 'IRBOND']",-1.2435,0.213,0.0689,3.3042
250,4,122,"['date', 'CHN10', 'JIANZHU', 'XINJIAN', 'ERSHOU', 'SPOT']",-1.0863,0.2248,0.077,3.7659
251,4,123,"['date', 'CHN10', 'JIANZHU', 'XINJIAN', 'ERSHOU', 'IRBOND']",-0.5846,0.1964,0.0661,2.8835
252,4,124,"['date', 'CHN10', 'JIANZHU', 'XINJIAN', 'SPOT', 'IRBOND']",-1.0432,0.1997,0.065,2.7519
253,4,125,"['date', 'CHN10', 'JIANZHU', 'ERSHOU', 'SPOT', 'IRBOND']",-1.088,0.1914,0.0615,2.9265
254,4,126,"['date', 'CHN10', 'XINJIAN', 'ERSHOU', 'SPOT', 'IRBOND']",-0.2754,0.153,0.0496,2.8783
255,5,1,"['date', 'CHN10', 'INDU', 'PPI', 'PMI', 'OECD', 'JIANZHU']",-12.7543,0.5896,0.2004,2.9868
256,5,2,"['date', 'CHN10', 'INDU', 'PPI', 'PMI', 'OECD', 'XINJIAN']",-9.8574,0.5438,0.1842,3.2301
257,5,3,"['date', 'CHN10', 'INDU', 'PPI', 'PMI', 'OECD', 'ERSHOU']",-11.5257,0.577,0.1974,3.2328
258,5,4,"['date', 'CHN10', 'INDU', 'PPI', 'PMI', 'OECD', 'SPOT']",-27.5323,0.8464,0.2905,3.2809
259,5,5,"['date', 'CHN10', 'INDU', 'PPI', 'PMI', 'OECD', 'IRBOND']",-0.4624,0.1602,0.0517,3.2906
260,5,6,"['date', 'CHN10', 'INDU', 'PPI', 'PMI', 'JIANZHU', 'XINJIAN']",-6.6379,0.4328,0.1458,3.4118
261,5,7,"['date', 'CHN10', 'INDU', 'PPI', 'PMI', 'JIANZHU', 'ERSHOU']",-13.1974,0.6126,0.2093,3.342
262,5,8,"['date', 'CHN10', 'INDU', 'PPI', 'PMI', 'JIANZHU', 'SPOT']",-33.9659,0.9496,0.3254,3.218
263,5,9,"['date', 'CHN10', 'INDU', 'PPI', 'PMI', 'JIANZHU', 'IRBOND']",-3.3219,0.3199,0.11,3.3347
264,5,10,"['date', 'CHN10', 'INDU', 'PPI', 'PMI', 'XINJIAN', 'ERSHOU']",-11.7412,0.562,0.1905,3.3299
265,5,11,"['date', 'CHN10', 'INDU', 'PPI', 'PMI', 'XINJIAN', 'SPOT']",-19.5806,0.7507,0.2547,3.4086
266,5,12,"['date', 'CHN10', 'INDU', 'PPI', 'PMI', 'XINJIAN', 'IRBOND']",-1.2059,0.2081,0.0726,3.3192
267,5,13,"['date', 'CHN10', 'INDU', 'PPI', 'PMI', 'ERSHOU', 'SPOT']",-26.682,0.8651,0.2952,2.8
268,5,14,"['date', 'CHN10', 'INDU', 'PPI', 'PMI', 'ERSHOU', 'IRBOND']",0.0491,0.117,0.0401,2.8766
269,5,15,"['date', 'CHN10', 'INDU', 'PPI', 'PMI', 'SPOT', 'IRBOND']",-0.3045,0.169,0.0583,2.8
270,5,16,"['date', 'CHN10', 'INDU', 'PPI', 'OECD', 'JIANZHU', 'XINJIAN']",-11.2696,0.5786,0.1964,2.8732
271,5,17,"['date', 'CHN10', 'INDU', 'PPI', 'OECD', 'JIANZHU', 'ERSHOU']",-18.1873,0.6992,0.2362,2.8647
272,5,18,"['date', 'CHN10', 'INDU', 'PPI', 'OECD', 'JIANZHU', 'SPOT']",-19.5395,0.7305,0.25,2.8376
273,5,19,"['date', 'CHN10', 'INDU', 'PPI', 'OECD', 'JIANZHU', 'IRBOND']",-1.4202,0.2116,0.0721,2.7754
274,5,20,"['date', 'CHN10', 'INDU', 'PPI', 'OECD', 'XINJIAN', 'ERSHOU']",-2.09,0.2601,0.0901,2.949
275,5,21,"['date', 'CHN10', 'INDU', 'PPI', 'OECD', 'XINJIAN', 'SPOT']",-26.5637,0.7822,0.2687,2.8078
276,5,22,"['date', 'CHN10', 'INDU', 'PPI', 'OECD', 'XINJIAN', 'IRBOND']",-0.2541,0.173,0.0584,2.78
277,5,23,"['date', 'CHN10', 'INDU', 'PPI', 'OECD', 'ERSHOU', 'SPOT']",-28.7263,0.8633,0.2961,2.8663
278,5,24,"['date', 'CHN10', 'INDU', 'PPI', 'OECD', 'ERSHOU', 'IRBOND']",-3.2837,0.3198,0.1098,2.8698
279,5,25,"['date', 'CHN10', 'INDU', 'PPI', 'OECD', 'SPOT', 'IRBOND']",0.1422,0.1288,0.0423,2.8402
280,5,26,"['date', 'CHN10', 'INDU', 'PPI', 'JIANZHU', 'XINJIAN', 'ERSHOU']",-6.6891,0.45,0.1519,2.8834
281,5,27,"['date', 'CHN10', 'INDU', 'PPI', 'JIANZHU', 'XINJIAN', 'SPOT']",-20.3505,0.7502,0.2568,2.8785
282,5,28,"['date', 'CHN10', 'INDU', 'PPI', 'JIANZHU', 'XINJIAN', 'IRBOND']",-0.6389,0.1705,0.0549,2.8295
283,5,29,"['date', 'CHN10', 'INDU', 'PPI', 'JIANZHU', 'ERSHOU', 'SPOT']",-26.0485,0.865,0.2943,2.8077
284,5,30,"['date', 'CHN10', 'INDU', 'PPI', 'JIANZHU', 'ERSHOU', 'IRBOND']",-0.2638,0.1572,0.0516,2.8085
285,5,31,"['date', 'CHN10', 'INDU', 'PPI', 'JIANZHU', 'SPOT', 'IRBOND']",-1.2006,0.2236,0.0772,2.8101
286,5,32,"['date', 'CHN10', 'INDU', 'PPI', 'XINJIAN', 'ERSHOU', 'SPOT']",-32.6536,0.9188,0.3148,2.8149
287,5,33,"['date', 'CHN10', 'INDU', 'PPI', 'XINJIAN', 'ERSHOU', 'IRBOND']",-2.5668,0.2679,0.0922,2.7697
288,5,34,"['date', 'CHN10', 'INDU', 'PPI', 'XINJIAN', 'SPOT', 'IRBOND']",-0.9513,0.1841,0.0591,3.0608
289,5,35,"['date', 'CHN10', 'INDU', 'PPI', 'ERSHOU', 'SPOT', 'IRBOND']",-1.1328,0.1973,0.0637,2.8425
290,5,36,"['date', 'CHN10', 'INDU', 'PMI', 'OECD', 'JIANZHU', 'XINJIAN']",-2.9991,0.2966,0.1029,2.88
291,5,37,"['date', 'CHN10', 'INDU', 'PMI', 'OECD', 'JIANZHU', 'ERSHOU']",-3.7622,0.3517,0.1188,2.8538
292,5,38,"['date', 'CHN10', 'INDU', 'PMI', 'OECD', 'JIANZHU', 'SPOT']",-7.5296,0.4609,0.1533,2.8848
293,5,39,"['date', 'CHN10', 'INDU', 'PMI', 'OECD', 'JIANZHU', 'IRBOND']",-1.9739,0.2535,0.0828,2.8646
294,5,40,"['date', 'CHN10', 'INDU', 'PMI', 'OECD', 'XINJIAN', 'ERSHOU']",-0.3702,0.1755,0.0585,3.008
295,5,41,"['date', 'CHN10', 'INDU', 'PMI', 'OECD', 'XINJIAN', 'SPOT']",-5.2617,0.3104,0.1062,3.035
296,5,42,"['date', 'CHN10', 'INDU', 'PMI', 'OECD', 'XINJIAN', 'IRBOND']",-1.6317,0.1873,0.0599,2.749
297,5,43,"['date', 'CHN10', 'INDU', 'PMI', 'OECD', 'ERSHOU', 'SPOT']",-8.834,0.5119,0.1707,3.1164
298,5,44,"['date', 'CHN10', 'INDU', 'PMI', 'OECD', 'ERSHOU', 'IRBOND']",-0.7579,0.1782,0.0576,2.9595
299,5,45,"['date', 'CHN10', 'INDU', 'PMI', 'OECD', 'SPOT', 'IRBOND']",-0.8972,0.1978,0.0646,2.7407
300,5,46,"['date', 'CHN10', 'INDU', 'PMI', 'JIANZHU', 'XINJIAN', 'ERSHOU']",-4.2969,0.3177,0.1039,2.9063
301,5,47,"['date', 'CHN10', 'INDU', 'PMI', 'JIANZHU', 'XINJIAN', 'SPOT']",-21.442,0.7884,0.2685,3.4404
302,5,48,"['date', 'CHN10', 'INDU', 'PMI', 'JIANZHU', 'XINJIAN', 'IRBOND']",-3.6062,0.3243,0.1059,3.3162
303,5,49,"['date', 'CHN10', 'INDU', 'PMI', 'JIANZHU', 'ERSHOU', 'SPOT']",-3.8165,0.355,0.1209,3.3764
304,5,50,"['date', 'CHN10', 'INDU', 'PMI', 'JIANZHU', 'ERSHOU', 'IRBOND']",-5.1128,0.383,0.1266,3.2927
305,5,51,"['date', 'CHN10', 'INDU', 'PMI', 'JIANZHU', 'SPOT', 'IRBOND']",-0.9977,0.1903,0.0616,3.4499
306,5,52,"['date', 'CHN10', 'INDU', 'PMI', 'XINJIAN', 'ERSHOU', 'SPOT']",-3.2177,0.2912,0.0962,3.3707
307,5,53,"['date', 'CHN10', 'INDU', 'PMI', 'XINJIAN', 'ERSHOU', 'IRBOND']",-1.2134,0.2054,0.0663,3.2648
308,5,54,"['date', 'CHN10', 'INDU', 'PMI', 'XINJIAN', 'SPOT', 'IRBOND']",-0.7279,0.1859,0.0606,3.2441
309,5,55,"['date', 'CHN10', 'INDU', 'PMI', 'ERSHOU', 'SPOT', 'IRBOND']",-0.1321,0.1667,0.0564,3.5732
310,5,56,"['date', 'CHN10', 'INDU', 'OECD', 'JIANZHU', 'XINJIAN', 'ERSHOU']",-16.5807,0.5986,0.197,2.9253
311,5,57,"['date', 'CHN10', 'INDU', 'OECD', 'JIANZHU', 'XINJIAN', 'SPOT']",-13.5236,0.64,0.217,2.8726
312,5,58,"['date', 'CHN10', 'INDU', 'OECD', 'JIANZHU', 'XINJIAN', 'IRBOND']",-1.1065,0.1704,0.0552,2.9299
313,5,59,"['date', 'CHN10', 'INDU', 'OECD', 'JIANZHU', 'ERSHOU', 'SPOT']",-32.9927,0.9214,0.3165,2.9247
314,5,60,"['date', 'CHN10', 'INDU', 'OECD', 'JIANZHU', 'ERSHOU', 'IRBOND']",-1.2565,0.219,0.0718,2.7908
315,5,61,"['date', 'CHN10', 'INDU', 'OECD', 'JIANZHU', 'SPOT', 'IRBOND']",-1.4499,0.2159,0.0696,2.8001
316,5,62,"['date', 'CHN10', 'INDU', 'OECD', 'XINJIAN', 'ERSHOU', 'SPOT']",-25.7471,0.686,0.2225,2.7942
317,5,63,"['date', 'CHN10', 'INDU', 'OECD', 'XINJIAN', 'ERSHOU', 'IRBOND']",-3.5596,0.3147,0.1084,2.795
318,5,64,"['date', 'CHN10', 'INDU', 'OECD', 'XINJIAN', 'SPOT', 'IRBOND']",-0.8469,0.1794,0.0576,2.8478
319,5,65,"['date', 'CHN10', 'INDU', 'OECD', 'ERSHOU', 'SPOT', 'IRBOND']",-2.4841,0.2949,0.0985,2.7964
320,5,66,"['date', 'CHN10', 'INDU', 'JIANZHU', 'XINJIAN', 'ERSHOU', 'SPOT']",-3.5994,0.2989,0.1044,2.8496
321,5,67,"['date', 'CHN10', 'INDU', 'JIANZHU', 'XINJIAN', 'ERSHOU', 'IRBOND']",-0.2831,0.1516,0.049,2.7844
322,5,68,"['date', 'CHN10', 'INDU', 'JIANZHU', 'XINJIAN', 'SPOT', 'IRBOND']",-1.1515,0.1943,0.0624,2.8808
323,5,69,"['date', 'CHN10', 'INDU', 'JIANZHU', 'ERSHOU', 'SPOT', 'IRBOND']",-0.052,0.1507,0.0497,2.7828
324,5,70,"['date', 'CHN10', 'INDU', 'XINJIAN', 'ERSHOU', 'SPOT', 'IRBOND']",-2.0903,0.2505,0.0811,2.8333
325,5,71,"['date', 'CHN10', 'PPI', 'PMI', 'OECD', 'JIANZHU', 'XINJIAN']",-11.8328,0.5649,0.1942,2.7853
326,5,72,"['date', 'CHN10', 'PPI', 'PMI', 'OECD', 'JIANZHU', 'ERSHOU']",-12.0305,0.5759,0.1977,2.7624
327,5,73,"['date', 'CHN10', 'PPI', 'PMI', 'OECD', 'JIANZHU', 'SPOT']",-24.2993,0.7937,0.2725,2.8529
328,5,74,"['date', 'CHN10', 'PPI', 'PMI', 'OECD', 'JIANZHU', 'IRBOND']",-0.8464,0.1765,0.0567,2.8272
329,5,75,"['date', 'CHN10', 'PPI', 'PMI', 'OECD', 'XINJIAN', 'ERSHOU']",-14.4133,0.6278,0.2154,2.7451
330,5,76,"['date', 'CHN10', 'PPI', 'PMI', 'OECD', 'XINJIAN', 'SPOT']",-30.4998,0.9092,0.311,2.8156
331,5,77,"['date', 'CHN10', 'PPI', 'PMI', 'OECD', 'XINJIAN', 'IRBOND']",-3.1443,0.3128,0.1024,3.3404
332,5,78,"['date', 'CHN10', 'PPI', 'PMI', 'OECD', 'ERSHOU', 'SPOT']",-16.7078,0.7058,0.2397,3.4199
333,5,79,"['date', 'CHN10', 'PPI', 'PMI', 'OECD', 'ERSHOU', 'IRBOND']",-0.3697,0.1557,0.0503,3.3121
334,5,80,"['date', 'CHN10', 'PPI', 'PMI', 'OECD', 'SPOT', 'IRBOND']",-6.5265,0.4235,0.1461,3.2323
335,5,81,"['date', 'CHN10', 'PPI', 'PMI', 'JIANZHU', 'XINJIAN', 'ERSHOU']",-3.0329,0.2978,0.1003,3.4071
336,5,82,"['date', 'CHN10', 'PPI', 'PMI', 'JIANZHU', 'XINJIAN', 'SPOT']",-18.9989,0.7365,0.2513,3.3986
337,5,83,"['date', 'CHN10', 'PPI', 'PMI', 'JIANZHU', 'XINJIAN', 'IRBOND']",-2.4834,0.2903,0.0968,3.2607
338,5,84,"['date', 'CHN10', 'PPI', 'PMI', 'JIANZHU', 'ERSHOU', 'SPOT']",-33.2698,0.9307,0.3191,3.6607
339,5,85,"['date', 'CHN10', 'PPI', 'PMI', 'JIANZHU', 'ERSHOU', 'IRBOND']",-6.0541,0.4041,0.1396,3.7361
340,5,86,"['date', 'CHN10', 'PPI', 'PMI', 'JIANZHU', 'SPOT', 'IRBOND']",-0.4437,0.1591,0.0514,2.8191
341,5,87,"['date', 'CHN10', 'PPI', 'PMI', 'XINJIAN', 'ERSHOU', 'SPOT']",-18.2052,0.7264,0.2473,2.9149
342,5,88,"['date', 'CHN10', 'PPI', 'PMI', 'XINJIAN', 'ERSHOU', 'IRBOND']",-19.8343,0.7433,0.2542,2.8268
343,5,89,"['date', 'CHN10', 'PPI', 'PMI', 'XINJIAN', 'SPOT', 'IRBOND']",0.0201,0.1446,0.0487,2.754
344,5,90,"['date', 'CHN10', 'PPI', 'PMI', 'ERSHOU', 'SPOT', 'IRBOND']",-0.1672,0.1629,0.0539,2.9675
345,5,91,"['date', 'CHN10', 'PPI', 'OECD', 'JIANZHU', 'XINJIAN', 'ERSHOU']",-10.8614,0.551,0.189,2.7712
346,5,92,"['date', 'CHN10', 'PPI', 'OECD', 'JIANZHU', 'XINJIAN', 'SPOT']",-30.6452,0.9062,0.3101,2.927
347,5,93,"['date', 'CHN10', 'PPI', 'OECD', 'JIANZHU', 'XINJIAN', 'IRBOND']",-1.3091,0.2279,0.0779,2.8164
348,5,94,"['date', 'CHN10', 'PPI', 'OECD', 'JIANZHU', 'ERSHOU', 'SPOT']",-18.6588,0.7118,0.2442,2.8466
349,5,95,"['date', 'CHN10', 'PPI', 'OECD', 'JIANZHU', 'ERSHOU', 'IRBOND']",-0.4891,0.1605,0.0518,2.9162
350,5,96,"['date', 'CHN10', 'PPI', 'OECD', 'JIANZHU', 'SPOT', 'IRBOND']",-3.2995,0.311,0.1014,2.7803
351,5,97,"['date', 'CHN10', 'PPI', 'OECD', 'XINJIAN', 'ERSHOU', 'SPOT']",-28.0845,0.8786,0.3001,2.994
352,5,98,"['date', 'CHN10', 'PPI', 'OECD', 'XINJIAN', 'ERSHOU', 'IRBOND']",-10.3072,0.518,0.1786,2.8351
353,5,99,"['date', 'CHN10', 'PPI', 'OECD', 'XINJIAN', 'SPOT', 'IRBOND']",-3.8889,0.3362,0.1099,2.872
354,5,100,"['date', 'CHN10', 'PPI', 'OECD', 'ERSHOU', 'SPOT', 'IRBOND']",-0.909,0.1925,0.0622,2.7913
355,5,101,"['date', 'CHN10', 'PPI', 'JIANZHU', 'XINJIAN', 'ERSHOU', 'SPOT']",-16.1492,0.6665,0.2277,2.8418
356,5,102,"['date', 'CHN10', 'PPI', 'JIANZHU', 'XINJIAN', 'ERSHOU', 'IRBOND']",-0.1331,0.1635,0.0543,2.9359
357,5,103,"['date', 'CHN10', 'PPI', 'JIANZHU', 'XINJIAN', 'SPOT', 'IRBOND']",-2.2483,0.277,0.0938,2.8166
358,5,104,"['date', 'CHN10', 'PPI', 'JIANZHU', 'ERSHOU', 'SPOT', 'IRBOND']",-2.0554,0.2737,0.0928,2.7615
359,5,105,"['date', 'CHN10', 'PPI', 'XINJIAN', 'ERSHOU', 'SPOT', 'IRBOND']",-0.8096,0.1765,0.0567,2.9309
360,5,106,"['date', 'CHN10', 'PMI', 'OECD', 'JIANZHU', 'XINJIAN', 'ERSHOU']",-4.7914,0.3916,0.1335,2.7983
361,5,107,"['date', 'CHN10', 'PMI', 'OECD', 'JIANZHU', 'XINJIAN', 'SPOT']",-11.5867,0.5762,0.1969,3.3199
362,5,108,"['date', 'CHN10', 'PMI', 'OECD', 'JIANZHU', 'XINJIAN', 'IRBOND']",-1.2275,0.1992,0.0641,3.4207
363,5,109,"['date', 'CHN10', 'PMI', 'OECD', 'JIANZHU', 'ERSHOU', 'SPOT']",-8.0362,0.5033,0.1701,3.3119
364,5,110,"['date', 'CHN10', 'PMI', 'OECD', 'JIANZHU', 'ERSHOU', 'IRBOND']",-0.848,0.221,0.0745,3.2647
365,5,111,"['date', 'CHN10', 'PMI', 'OECD', 'JIANZHU', 'SPOT', 'IRBOND']",-3.2116,0.3077,0.1003,3.3624
366,5,112,"['date', 'CHN10', 'PMI', 'OECD', 'XINJIAN', 'ERSHOU', 'SPOT']",-9.9998,0.5372,0.184,3.3049
367,5,113,"['date', 'CHN10', 'PMI', 'OECD', 'XINJIAN', 'ERSHOU', 'IRBOND']",0.4444,0.1059,0.0346,3.305
368,5,114,"['date', 'CHN10', 'PMI', 'OECD', 'XINJIAN', 'SPOT', 'IRBOND']",-0.1102,0.1504,0.0493,3.2999
369,5,115,"['date', 'CHN10', 'PMI', 'OECD', 'ERSHOU', 'SPOT', 'IRBOND']",-1.1515,0.1957,0.0629,3.3216
370,5,116,"['date', 'CHN10', 'PMI', 'JIANZHU', 'XINJIAN', 'ERSHOU', 'SPOT']",-7.5414,0.4615,0.1539,3.4628
371,5,117,"['date', 'CHN10', 'PMI', 'JIANZHU', 'XINJIAN', 'ERSHOU', 'IRBOND']",-1.5335,0.231,0.075,3.3879
372,5,118,"['date', 'CHN10', 'PMI', 'JIANZHU', 'XINJIAN', 'SPOT', 'IRBOND']",-0.4401,0.1593,0.0514,2.8632
373,5,119,"['date', 'CHN10', 'PMI', 'JIANZHU', 'ERSHOU', 'SPOT', 'IRBOND']",-1.537,0.2184,0.0704,2.7203
374,5,120,"['date', 'CHN10', 'PMI', 'XINJIAN', 'ERSHOU', 'SPOT', 'IRBOND']",-3.2444,0.3213,0.1053,2.8652
375,5,121,"['date', 'CHN10', 'OECD', 'JIANZHU', 'XINJIAN', 'ERSHOU', 'SPOT']",-2.7785,0.2856,0.0993,2.7823
376,5,122,"['date', 'CHN10', 'OECD', 'JIANZHU', 'XINJIAN', 'ERSHOU', 'IRBOND']",-1.8216,0.2518,0.0821,2.7835
377,5,123,"['date', 'CHN10', 'OECD', 'JIANZHU', 'XINJIAN', 'SPOT', 'IRBOND']",-1.2439,0.2045,0.0659,2.8335
378,5,124,"['date', 'CHN10', 'OECD', 'JIANZHU', 'ERSHOU', 'SPOT', 'IRBOND']",-1.6592,0.2298,0.0743,2.9401
379,5,125,"['date', 'CHN10', 'OECD', 'XINJIAN', 'ERSHOU', 'SPOT', 'IRBOND']",-0.3542,0.1608,0.0523,2.8071
380,5,126,"['date', 'CHN10', 'JIANZHU', 'XINJIAN', 'ERSHOU', 'SPOT', 'IRBOND']",-1.596,0.2207,0.0711,2.846
381,6,1,"['date', 'CHN10', 'INDU', 'PPI', 'PMI', 'OECD', 'JIANZHU', 'XINJIAN']",-11.3965,0.5684,0.1947,2.8793
382,6,2,"['date', 'CHN10', 'INDU', 'PPI', 'PMI', 'OECD', 'JIANZHU', 'ERSHOU']",-7.9148,0.417,0.1446,2.753
383,6,3,"['date', 'CHN10', 'INDU', 'PPI', 'PMI', 'OECD', 'JIANZHU', 'SPOT']",-40.5965,1.0493,0.3584,2.7686
384,6,4,"['date', 'CHN10', 'INDU', 'PPI', 'PMI', 'OECD', 'JIANZHU', 'IRBOND']",-2.4585,0.2537,0.0837,2.8994
385,6,5,"['date', 'CHN10', 'INDU', 'PPI', 'PMI', 'OECD', 'XINJIAN', 'ERSHOU']",-7.5318,0.4734,0.1622,2.911
386,6,6,"['date', 'CHN10', 'INDU', 'PPI', 'PMI', 'OECD', 'XINJIAN', 'SPOT']",-21.2875,0.768,0.2626,2.8166
387,6,7,"['date', 'CHN10', 'INDU', 'PPI', 'PMI', 'OECD', 'XINJIAN', 'IRBOND']",-0.0801,0.161,0.0541,2.7999
388,6,8,"['date', 'CHN10', 'INDU', 'PPI', 'PMI', 'OECD', 'ERSHOU', 'SPOT']",-23.0384,0.7879,0.2692,2.8121
389,6,9,"['date', 'CHN10', 'INDU', 'PPI', 'PMI', 'OECD', 'ERSHOU', 'IRBOND']",-2.0876,0.2799,0.0942,2.9206
390,6,10,"['date', 'CHN10', 'INDU', 'PPI', 'PMI', 'OECD', 'SPOT', 'IRBOND']",-0.0002,0.1563,0.0523,2.9043
391,6,11,"['date', 'CHN10', 'INDU', 'PPI', 'PMI', 'JIANZHU', 'XINJIAN', 'ERSHOU']",-13.5165,0.4784,0.1589,3.3203
392,6,12,"['date', 'CHN10', 'INDU', 'PPI', 'PMI', 'JIANZHU', 'XINJIAN', 'SPOT']",-37.9825,1.0293,0.3507,3.4631
393,6,13,"['date', 'CHN10', 'INDU', 'PPI', 'PMI', 'JIANZHU', 'XINJIAN', 'IRBOND']",-6.1848,0.416,0.141,3.3697
394,6,14,"['date', 'CHN10', 'INDU', 'PPI', 'PMI', 'JIANZHU', 'ERSHOU', 'SPOT']",-38.8093,1.0133,0.3473,3.2401
395,6,15,"['date', 'CHN10', 'INDU', 'PPI', 'PMI', 'JIANZHU', 'ERSHOU', 'IRBOND']",-1.6523,0.2583,0.0876,3.3815
396,6,16,"['date', 'CHN10', 'INDU', 'PPI', 'PMI', 'JIANZHU', 'SPOT', 'IRBOND']",-12.1731,0.5576,0.1891,3.4728
397,6,17,"['date', 'CHN10', 'INDU', 'PPI', 'PMI', 'XINJIAN', 'ERSHOU', 'SPOT']",-29.1936,0.8906,0.3036,3.3253
398,6,18,"['date', 'CHN10', 'INDU', 'PPI', 'PMI', 'XINJIAN', 'ERSHOU', 'IRBOND']",-1.3311,0.2182,0.0707,3.3606
399,6,19,"['date', 'CHN10', 'INDU', 'PPI', 'PMI', 'XINJIAN', 'SPOT', 'IRBOND']",-1.1575,0.2046,0.0675,3.7272
400,6,20,"['date', 'CHN10', 'INDU', 'PPI', 'PMI', 'ERSHOU', 'SPOT', 'IRBOND']",-0.7915,0.1917,0.0654,3.5464
401,6,21,"['date', 'CHN10', 'INDU', 'PPI', 'OECD', 'JIANZHU', 'XINJIAN', 'ERSHOU']",-10.8971,0.5587,0.1913,3.674
402,6,22,"['date', 'CHN10', 'INDU', 'PPI', 'OECD', 'JIANZHU', 'XINJIAN', 'SPOT']",-30.3748,0.8875,0.3045,2.8602
403,6,23,"['date', 'CHN10', 'INDU', 'PPI', 'OECD', 'JIANZHU', 'XINJIAN', 'IRBOND']",-0.0852,0.1459,0.0506,2.7552
404,6,24,"['date', 'CHN10', 'INDU', 'PPI', 'OECD', 'JIANZHU', 'ERSHOU', 'SPOT']",-11.4119,0.5607,0.1907,2.7967
405,6,25,"['date', 'CHN10', 'INDU', 'PPI', 'OECD', 'JIANZHU', 'ERSHOU', 'IRBOND']",-6.4421,0.4173,0.1439,2.8552
406,6,26,"['date', 'CHN10', 'INDU', 'PPI', 'OECD', 'JIANZHU', 'SPOT', 'IRBOND']",-10.9464,0.5449,0.1872,2.845
407,6,27,"['date', 'CHN10', 'INDU', 'PPI', 'OECD', 'XINJIAN', 'ERSHOU', 'SPOT']",-32.6468,0.9477,0.3236,2.8717
408,6,28,"['date', 'CHN10', 'INDU', 'PPI', 'OECD', 'XINJIAN', 'ERSHOU', 'IRBOND']",-4.1326,0.3551,0.1215,2.8721
409,6,29,"['date', 'CHN10', 'INDU', 'PPI', 'OECD', 'XINJIAN', 'SPOT', 'IRBOND']",-0.1761,0.1542,0.0504,2.8099
410,6,30,"['date', 'CHN10', 'INDU', 'PPI', 'OECD', 'ERSHOU', 'SPOT', 'IRBOND']",-1.8007,0.2591,0.0887,2.8149
411,6,31,"['date', 'CHN10', 'INDU', 'PPI', 'JIANZHU', 'XINJIAN', 'ERSHOU', 'SPOT']",-15.4403,0.6412,0.2158,2.8641
412,6,32,"['date', 'CHN10', 'INDU', 'PPI', 'JIANZHU', 'XINJIAN', 'ERSHOU', 'IRBOND']",-0.7397,0.1725,0.0554,2.9671
413,6,33,"['date', 'CHN10', 'INDU', 'PPI', 'JIANZHU', 'XINJIAN', 'SPOT', 'IRBOND']",-2.5378,0.2047,0.0676,2.7791
414,6,34,"['date', 'CHN10', 'INDU', 'PPI', 'JIANZHU', 'ERSHOU', 'SPOT', 'IRBOND']",0.1064,0.1426,0.0482,2.8657
415,6,35,"['date', 'CHN10', 'INDU', 'PPI', 'XINJIAN', 'ERSHOU', 'SPOT', 'IRBOND']",-6.495,0.426,0.1456,2.8767
416,6,36,"['date', 'CHN10', 'INDU', 'PMI', 'OECD', 'JIANZHU', 'XINJIAN', 'ERSHOU']",-2.7914,0.281,0.0978,2.8193
417,6,37,"['date', 'CHN10', 'INDU', 'PMI', 'OECD', 'JIANZHU', 'XINJIAN', 'SPOT']",-8.8324,0.4736,0.1586,2.8618
418,6,38,"['date', 'CHN10', 'INDU', 'PMI', 'OECD', 'JIANZHU', 'XINJIAN', 'IRBOND']",-0.0235,0.1443,0.0476,2.8147
419,6,39,"['date', 'CHN10', 'INDU', 'PMI', 'OECD', 'JIANZHU', 'ERSHOU', 'SPOT']",-14.3848,0.5787,0.1971,2.8737
420,6,40,"['date', 'CHN10', 'INDU', 'PMI', 'OECD', 'JIANZHU', 'ERSHOU', 'IRBOND']",-0.3447,0.1546,0.05,2.7576
421,6,41,"['date', 'CHN10', 'INDU', 'PMI', 'OECD', 'JIANZHU', 'SPOT', 'IRBOND']",-0.8999,0.179,0.0574,3.4114
422,6,42,"['date', 'CHN10', 'INDU', 'PMI', 'OECD', 'XINJIAN', 'ERSHOU', 'SPOT']",-7.7954,0.4489,0.1487,3.3807
423,6,43,"['date', 'CHN10', 'INDU', 'PMI', 'OECD', 'XINJIAN', 'ERSHOU', 'IRBOND']",0.0184,0.1366,0.0444,3.3208
424,6,44,"['date', 'CHN10', 'INDU', 'PMI', 'OECD', 'XINJIAN', 'SPOT', 'IRBOND']",-0.1009,0.1634,0.0557,3.2689
425,6,45,"['date', 'CHN10', 'INDU', 'PMI', 'OECD', 'ERSHOU', 'SPOT', 'IRBOND']",-1.5083,0.228,0.0739,3.3097
426,6,46,"['date', 'CHN10', 'INDU', 'PMI', 'JIANZHU', 'XINJIAN', 'ERSHOU', 'SPOT']",-8.4301,0.4978,0.1683,3.348
427,6,47,"['date', 'CHN10', 'INDU', 'PMI', 'JIANZHU', 'XINJIAN', 'ERSHOU', 'IRBOND']",-0.002,0.1552,0.0518,3.34
428,6,48,"['date', 'CHN10', 'INDU', 'PMI', 'JIANZHU', 'XINJIAN', 'SPOT', 'IRBOND']",-0.9014,0.1821,0.0585,3.39
429,6,49,"['date', 'CHN10', 'INDU', 'PMI', 'JIANZHU', 'ERSHOU', 'SPOT', 'IRBOND']",-1.6572,0.2397,0.0798,3.3266
430,6,50,"['date', 'CHN10', 'INDU', 'PMI', 'XINJIAN', 'ERSHOU', 'SPOT', 'IRBOND']",-0.2462,0.1521,0.0495,3.3518
431,6,51,"['date', 'CHN10', 'INDU', 'OECD', 'JIANZHU', 'XINJIAN', 'ERSHOU', 'SPOT']",-6.4096,0.4412,0.15,3.2589
432,6,52,"['date', 'CHN10', 'INDU', 'OECD', 'JIANZHU', 'XINJIAN', 'ERSHOU', 'IRBOND']",-0.9802,0.1847,0.0593,3.2531
433,6,53,"['date', 'CHN10', 'INDU', 'OECD', 'JIANZHU', 'XINJIAN', 'SPOT', 'IRBOND']",-4.0945,0.3561,0.1171,2.8153
434,6,54,"['date', 'CHN10', 'INDU', 'OECD', 'JIANZHU', 'ERSHOU', 'SPOT', 'IRBOND']",-2.1005,0.2509,0.0812,2.8238
435,6,55,"['date', 'CHN10', 'INDU', 'OECD', 'XINJIAN', 'ERSHOU', 'SPOT', 'IRBOND']",-1.694,0.2268,0.0732,2.871
436,6,56,"['date', 'CHN10', 'INDU', 'JIANZHU', 'XINJIAN', 'ERSHOU', 'SPOT', 'IRBOND']",-0.7321,0.1905,0.0661,2.8317
437,6,57,"['date', 'CHN10', 'PPI', 'PMI', 'OECD', 'JIANZHU', 'XINJIAN', 'ERSHOU']",-17.896,0.6658,0.2298,2.8234
438,6,58,"['date', 'CHN10', 'PPI', 'PMI', 'OECD', 'JIANZHU', 'XINJIAN', 'SPOT']",-12.1278,0.592,0.2021,2.8724
439,6,59,"['date', 'CHN10', 'PPI', 'PMI', 'OECD', 'JIANZHU', 'XINJIAN', 'IRBOND']",-1.3682,0.2084,0.0671,2.8122
440,6,60,"['date', 'CHN10', 'PPI', 'PMI', 'OECD', 'JIANZHU', 'ERSHOU', 'SPOT']",-24.8435,0.8106,0.2778,2.8204
441,6,61,"['date', 'CHN10', 'PPI', 'PMI', 'OECD', 'JIANZHU', 'ERSHOU', 'IRBOND']",-0.4838,0.1501,0.0481,2.8104
442,6,62,"['date', 'CHN10', 'PPI', 'PMI', 'OECD', 'JIANZHU', 'SPOT', 'IRBOND']",-0.2914,0.1528,0.0495,2.8867
443,6,63,"['date', 'CHN10', 'PPI', 'PMI', 'OECD', 'XINJIAN', 'ERSHOU', 'SPOT']",-24.4049,0.8286,0.2828,2.7829
444,6,64,"['date', 'CHN10', 'PPI', 'PMI', 'OECD', 'XINJIAN', 'ERSHOU', 'IRBOND']",-0.5933,0.1664,0.0536,2.8628
445,6,65,"['date', 'CHN10', 'PPI', 'PMI', 'OECD', 'XINJIAN', 'SPOT', 'IRBOND']",-2.8858,0.3063,0.1004,2.8664
446,6,66,"['date', 'CHN10', 'PPI', 'PMI', 'OECD', 'ERSHOU', 'SPOT', 'IRBOND']",0.1179,0.1431,0.0477,2.8416
447,6,67,"['date', 'CHN10', 'PPI', 'PMI', 'JIANZHU', 'XINJIAN', 'ERSHOU', 'SPOT']",-20.0844,0.7544,0.2574,2.8172
448,6,68,"['date', 'CHN10', 'PPI', 'PMI', 'JIANZHU', 'XINJIAN', 'ERSHOU', 'IRBOND']",-2.4384,0.2953,0.1006,2.8949
449,6,69,"['date', 'CHN10', 'PPI', 'PMI', 'JIANZHU', 'XINJIAN', 'SPOT', 'IRBOND']",-10.0966,0.4772,0.1651,2.7604
450,6,70,"['date', 'CHN10', 'PPI', 'PMI', 'JIANZHU', 'ERSHOU', 'SPOT', 'IRBOND']",-7.5252,0.4698,0.1611,2.8295
451,6,71,"['date', 'CHN10', 'PPI', 'PMI', 'XINJIAN', 'ERSHOU', 'SPOT', 'IRBOND']",-0.0464,0.1601,0.0543,3.3201
452,6,72,"['date', 'CHN10', 'PPI', 'OECD', 'JIANZHU', 'XINJIAN', 'ERSHOU', 'SPOT']",-24.7472,0.8434,0.2872,3.2356
453,6,73,"['date', 'CHN10', 'PPI', 'OECD', 'JIANZHU', 'XINJIAN', 'ERSHOU', 'IRBOND']",-0.2622,0.1476,0.0478,3.4041
454,6,74,"['date', 'CHN10', 'PPI', 'OECD', 'JIANZHU', 'XINJIAN', 'SPOT', 'IRBOND']",-1.9385,0.2405,0.0779,3.3716
455,6,75,"['date', 'CHN10', 'PPI', 'OECD', 'JIANZHU', 'ERSHOU', 'SPOT', 'IRBOND']",-2.0851,0.2497,0.0808,3.3347
456,6,76,"['date', 'CHN10', 'PPI', 'OECD', 'XINJIAN', 'ERSHOU', 'SPOT', 'IRBOND']",-1.8959,0.254,0.088,3.3371
457,6,77,"['date', 'CHN10', 'PPI', 'JIANZHU', 'XINJIAN', 'ERSHOU', 'SPOT', 'IRBOND']",-1.4336,0.2089,0.0671,3.3793
458,6,78,"['date', 'CHN10', 'PMI', 'OECD', 'JIANZHU', 'XINJIAN', 'ERSHOU', 'SPOT']",-19.2287,0.7441,0.2533,3.2698
459,6,79,"['date', 'CHN10', 'PMI', 'OECD', 'JIANZHU', 'XINJIAN', 'ERSHOU', 'IRBOND']",-0.001,0.1379,0.0448,3.3703
460,6,80,"['date', 'CHN10', 'PMI', 'OECD', 'JIANZHU', 'XINJIAN', 'SPOT', 'IRBOND']",-0.8664,0.1895,0.0611,3.4059
461,6,81,"['date', 'CHN10', 'PMI', 'OECD', 'JIANZHU', 'ERSHOU', 'SPOT', 'IRBOND']",-4.3805,0.3694,0.1215,3.3905
462,6,82,"['date', 'CHN10', 'PMI', 'OECD', 'XINJIAN', 'ERSHOU', 'SPOT', 'IRBOND']",-1.1476,0.199,0.0641,2.8095
463,6,83,"['date', 'CHN10', 'PMI', 'JIANZHU', 'XINJIAN', 'ERSHOU', 'SPOT', 'IRBOND']",-0.6774,0.1763,0.0569,2.8317
464,6,84,"['date', 'CHN10', 'OECD', 'JIANZHU', 'XINJIAN', 'ERSHOU', 'SPOT', 'IRBOND']",-0.5078,0.181,0.0595,2.9608
465,7,1,"['date', 'CHN10', 'INDU', 'PPI', 'PMI', 'OECD', 'JIANZHU', 'XINJIAN', 'ERSHOU']",-11.9447,0.5894,0.2014,3.2745
466,7,2,"['date', 'CHN10', 'INDU', 'PPI', 'PMI', 'OECD', 'JIANZHU', 'XINJIAN', 'SPOT']",-41.9144,1.0362,0.3551,2.9448
467,7,3,"['date', 'CHN10', 'INDU', 'PPI', 'PMI', 'OECD', 'JIANZHU', 'XINJIAN', 'IRBOND']",-1.257,0.2141,0.0702,2.9843
468,7,4,"['date', 'CHN10', 'INDU', 'PPI', 'PMI', 'OECD', 'JIANZHU', 'ERSHOU', 'SPOT']",-30.2657,0.8724,0.2998,2.8837
469,7,5,"['date', 'CHN10', 'INDU', 'PPI', 'PMI', 'OECD', 'JIANZHU', 'ERSHOU', 'IRBOND']",-0.4582,0.1735,0.0563,2.7983
470,7,6,"['date', 'CHN10', 'INDU', 'PPI', 'PMI', 'OECD', 'JIANZHU', 'SPOT', 'IRBOND']",-1.8194,0.2518,0.0829,2.756
471,7,7,"['date', 'CHN10', 'INDU', 'PPI', 'PMI', 'OECD', 'XINJIAN', 'ERSHOU', 'SPOT']",-24.3813,0.8382,0.2826,2.8554
472,7,8,"['date', 'CHN10', 'INDU', 'PPI', 'PMI', 'OECD', 'XINJIAN', 'ERSHOU', 'IRBOND']",-0.4293,0.1585,0.0512,2.9022
473,7,9,"['date', 'CHN10', 'INDU', 'PPI', 'PMI', 'OECD', 'XINJIAN', 'SPOT', 'IRBOND']",-0.4825,0.162,0.0548,2.8532
474,7,10,"['date', 'CHN10', 'INDU', 'PPI', 'PMI', 'OECD', 'ERSHOU', 'SPOT', 'IRBOND']",-0.9745,0.1851,0.0594,2.8205
475,7,11,"['date', 'CHN10', 'INDU', 'PPI', 'PMI', 'JIANZHU', 'XINJIAN', 'ERSHOU', 'SPOT']",-20.5599,0.7677,0.2619,2.9396
476,7,12,"['date', 'CHN10', 'INDU', 'PPI', 'PMI', 'JIANZHU', 'XINJIAN', 'ERSHOU', 'IRBOND']",-0.3319,0.1813,0.0614,3.0133
477,7,13,"['date', 'CHN10', 'INDU', 'PPI', 'PMI', 'JIANZHU', 'XINJIAN', 'SPOT', 'IRBOND']",-0.1723,0.1422,0.047,2.8406
478,7,14,"['date', 'CHN10', 'INDU', 'PPI', 'PMI', 'JIANZHU', 'ERSHOU', 'SPOT', 'IRBOND']",-16.4283,0.6689,0.2287,2.8187
479,7,15,"['date', 'CHN10', 'INDU', 'PPI', 'PMI', 'XINJIAN', 'ERSHOU', 'SPOT', 'IRBOND']",-15.1324,0.6131,0.2116,3.0789
480,7,16,"['date', 'CHN10', 'INDU', 'PPI', 'OECD', 'JIANZHU', 'XINJIAN', 'ERSHOU', 'SPOT']",-12.494,0.5857,0.2006,2.8204
481,7,17,"['date', 'CHN10', 'INDU', 'PPI', 'OECD', 'JIANZHU', 'XINJIAN', 'ERSHOU', 'IRBOND']",-2.6474,0.2839,0.0924,2.9204
482,7,18,"['date', 'CHN10', 'INDU', 'PPI', 'OECD', 'JIANZHU', 'XINJIAN', 'SPOT', 'IRBOND']",-0.1812,0.1507,0.0491,2.9397
483,7,19,"['date', 'CHN10', 'INDU', 'PPI', 'OECD', 'JIANZHU', 'ERSHOU', 'SPOT', 'IRBOND']",-0.2324,0.1388,0.0452,3.4735
484,7,20,"['date', 'CHN10', 'INDU', 'PPI', 'OECD', 'XINJIAN', 'ERSHOU', 'SPOT', 'IRBOND']",-0.6218,0.1878,0.0616,4.6275
485,7,21,"['date', 'CHN10', 'INDU', 'PPI', 'JIANZHU', 'XINJIAN', 'ERSHOU', 'SPOT', 'IRBOND']",-8.4307,0.4529,0.1566,3.565
486,7,22,"['date', 'CHN10', 'INDU', 'PMI', 'OECD', 'JIANZHU', 'XINJIAN', 'ERSHOU', 'SPOT']",-17.9469,0.7208,0.2455,3.1297
487,7,23,"['date', 'CHN10', 'INDU', 'PMI', 'OECD', 'JIANZHU', 'XINJIAN', 'ERSHOU', 'IRBOND']",-0.732,0.1887,0.0612,2.8982
488,7,24,"['date', 'CHN10', 'INDU', 'PMI', 'OECD', 'JIANZHU', 'XINJIAN', 'SPOT', 'IRBOND']",-2.6425,0.2418,0.0809,2.9115
489,7,25,"['date', 'CHN10', 'INDU', 'PMI', 'OECD', 'JIANZHU', 'ERSHOU', 'SPOT', 'IRBOND']",0.084,0.1348,0.0444,2.8709
490,7,26,"['date', 'CHN10', 'INDU', 'PMI', 'OECD', 'XINJIAN', 'ERSHOU', 'SPOT', 'IRBOND']",-0.4659,0.1606,0.0518,2.9214
491,7,27,"['date', 'CHN10', 'INDU', 'PMI', 'JIANZHU', 'XINJIAN', 'ERSHOU', 'SPOT', 'IRBOND']",0.0902,0.1462,0.0487,2.9449
492,7,28,"['date', 'CHN10', 'INDU', 'OECD', 'JIANZHU', 'XINJIAN', 'ERSHOU', 'SPOT', 'IRBOND']",-0.6361,0.1681,0.0541,2.8365
493,7,29,"['date', 'CHN10', 'PPI', 'PMI', 'OECD', 'JIANZHU', 'XINJIAN', 'ERSHOU', 'SPOT']",-16.5836,0.6747,0.23,2.9465
494,7,30,"['date', 'CHN10', 'PPI', 'PMI', 'OECD', 'JIANZHU', 'XINJIAN', 'ERSHOU', 'IRBOND']",-0.7969,0.1711,0.0548,3.0311
495,7,31,"['date', 'CHN10', 'PPI', 'PMI', 'OECD', 'JIANZHU', 'XINJIAN', 'SPOT', 'IRBOND']",-0.3446,0.1543,0.0499,3.1276
496,7,32,"['date', 'CHN10', 'PPI', 'PMI', 'OECD', 'JIANZHU', 'ERSHOU', 'SPOT', 'IRBOND']",-4.1146,0.3439,0.1182,2.9383
497,7,33,"['date', 'CHN10', 'PPI', 'PMI', 'OECD', 'XINJIAN', 'ERSHOU', 'SPOT', 'IRBOND']",-1.402,0.2141,0.0691,3.1824
498,7,34,"['date', 'CHN10', 'PPI', 'PMI', 'JIANZHU', 'XINJIAN', 'ERSHOU', 'SPOT', 'IRBOND']",-0.1546,0.167,0.0557,3.0734
499,7,35,"['date', 'CHN10', 'PPI', 'OECD', 'JIANZHU', 'XINJIAN', 'ERSHOU', 'SPOT', 'IRBOND']",-1.8047,0.2567,0.0881,3.1422
500,7,36,"['date', 'CHN10', 'PMI', 'OECD', 'JIANZHU', 'XINJIAN', 'ERSHOU', 'SPOT', 'IRBOND']",-0.407,0.1583,0.0511,2.9427
501,8,1,"['date', 'CHN10', 'INDU', 'PPI', 'PMI', 'OECD', 'JIANZHU', 'XINJIAN', 'ERSHOU', 'SPOT']",-33.4905,0.9795,0.3329,2.8012
502,8,2,"['date', 'CHN10', 'INDU', 'PPI', 'PMI', 'OECD', 'JIANZHU', 'XINJIAN', 'ERSHOU', 'IRBOND']",-4.1044,0.3225,0.1071,2.9201
503,8,3,"['date', 'CHN10', 'INDU', 'PPI', 'PMI', 'OECD', 'JIANZHU', 'XINJIAN', 'SPOT', 'IRBOND']",-2.2909,0.2685,0.0927,3.3026
504,8,4,"['date', 'CHN10', 'INDU', 'PPI', 'PMI', 'OECD', 'JIANZHU', 'ERSHOU', 'SPOT', 'IRBOND']",-1.4122,0.2094,0.0673,2.8261
505,8,5,"['date', 'CHN10', 'INDU', 'PPI', 'PMI', 'OECD', 'XINJIAN', 'ERSHOU', 'SPOT', 'IRBOND']",-0.0052,0.1547,0.0516,2.906
506,8,6,"['date', 'CHN10', 'INDU', 'PPI', 'PMI', 'JIANZHU', 'XINJIAN', 'ERSHOU', 'SPOT', 'IRBOND']",0.4314,0.1022,0.0335,2.8591
507,8,7,"['date', 'CHN10', 'INDU', 'PPI', 'OECD', 'JIANZHU', 'XINJIAN', 'ERSHOU', 'SPOT', 'IRBOND']",-0.4332,0.1583,0.0511,2.9371
508,8,8,"['date', 'CHN10', 'INDU', 'PMI', 'OECD', 'JIANZHU', 'XINJIAN', 'ERSHOU', 'SPOT', 'IRBOND']",-1.3963,0.2158,0.0696,3.1794
509,8,9,"['date', 'CHN10', 'PPI', 'PMI', 'OECD', 'JIANZHU', 'XINJIAN', 'ERSHOU', 'SPOT', 'IRBOND']",-0.197,0.1611,0.0535,2.8822
510,9,1,"['date', 'CHN10', 'INDU', 'PPI', 'PMI', 'OECD', 'JIANZHU', 'XINJIAN', 'ERSHOU', 'SPOT', 'IRBOND']",-0.3032,0.1595,0.0527,2.8714
